date,open,high,low,close,volume
2020-01-16,5.86,6.99,5.86,6.77,14147184.54
2020-01-17,6.85,6.86,6.5,6.65,7381173.08
2020-01-20,6.73,7.32,6.72,7.32,6655448.28
2020-01-21,7.5,7.96,7.11,7.68,9107936.51
2020-01-22,7.3,7.55,7.24,7.32,5017494.29
2020-01-23,7.17,7.17,6.73,7.05,4831745.3
2020-02-03,6.35,6.35,6.35,6.35,1371978.0
2020-02-04,6.0,6.95,6.0,6.81,4666170.29
2020-02-05,6.67,7.38,6.63,7.3,4835193.5
2020-02-06,7.28,7.43,7.11,7.36,3756775.35
2020-02-07,7.28,7.96,7.22,7.73,4922261.05
2020-02-10,7.58,8.22,7.53,7.78,4720688.4
2020-02-11,7.79,7.88,7.54,7.57,3245464.31
2020-02-12,7.51,7.73,7.4,7.63,2908651.28
2020-02-13,7.64,7.72,7.4,7.46,2469616.88
2020-02-14,7.4,7.45,7.21,7.3,2563961.13
2020-02-17,7.23,7.36,7.22,7.3,2928308.76
2020-02-18,7.31,7.8,7.22,7.71,5372118.57
2020-02-19,7.62,7.67,7.4,7.45,3640791.61
2020-02-20,7.45,7.6,7.4,7.6,2941456.23
2020-02-21,7.6,7.75,7.51,7.53,3030056.17
2020-02-24,7.42,7.42,7.28,7.3,3657548.08
2020-02-25,7.11,7.2,7.01,7.19,2719537.26
2020-02-26,7.09,7.35,7.05,7.14,2468829.24
2020-02-27,7.09,7.18,7.06,7.09,1622052.65
2020-02-28,6.95,7.0,6.8,6.87,2320322.71
2020-03-02,6.86,7.1,6.86,7.07,1685037.58
2020-03-03,7.13,7.17,7.0,7.02,1872889.66
2020-03-04,6.97,6.97,6.88,6.96,1323756.09
2020-03-05,7.04,7.22,6.94,7.17,2728288.61
2020-03-06,7.07,7.08,7.0,7.03,1555059.23
2020-03-09,6.9,6.95,6.86,6.88,1393860.54
2020-03-10,6.8,6.96,6.7,6.93,1511287.09
2020-03-11,6.92,7.14,6.87,6.94,1668566.69
2020-03-12,6.81,6.87,6.76,6.79,1172698.43
2020-03-13,6.53,6.79,6.45,6.69,1332648.25
2020-03-16,6.75,6.77,6.44,6.5,1242216.9
2020-03-17,6.5,6.6,6.25,6.39,1096062.93
2020-03-18,6.42,6.5,6.3,6.3,861073.31
2020-03-19,6.25,6.3,6.11,6.23,1135911.35
2020-03-20,6.27,6.33,6.2,6.33,833349.66
2020-03-23,6.17,6.21,6.08,6.08,829580.43
2020-03-24,6.18,6.27,6.08,6.24,983389.8
2020-03-25,6.37,6.5,6.29,6.45,1476223.31
2020-03-26,6.37,6.55,6.31,6.4,1053658.93
2020-03-27,6.46,6.48,6.34,6.35,774679.9
2020-03-30,6.25,6.26,6.2,6.22,581363.31
2020-03-31,6.27,6.28,6.19,6.2,425485.58
2020-04-01,6.19,6.28,6.15,6.19,502901.47
2020-04-02,6.16,6.24,6.12,6.24,662513.47
2020-04-03,6.22,6.23,6.17,6.18,408770.96
2020-04-07,6.26,6.34,6.23,6.31,912633.51
2020-04-08,6.27,6.43,6.24,6.39,939352.72
2020-04-09,6.41,6.43,6.35,6.36,581201.91
2020-04-10,6.36,6.36,6.23,6.25,592624.75
2020-04-13,6.22,6.24,6.19,6.21,363110.82
2020-04-14,6.23,6.27,6.22,6.27,358443.1
2020-04-15,6.27,6.29,6.22,6.23,363194.39
2020-04-16,6.25,6.35,6.23,6.25,636225.11
2020-04-17,6.28,6.35,6.21,6.28,864205.77
2020-04-20,6.28,6.28,6.23,6.26,453888.11
2020-04-21,6.23,6.24,6.15,6.18,586485.71
2020-04-22,6.16,6.18,6.13,6.17,333354.47
2020-04-23,6.18,6.18,6.14,6.15,369152.59
2020-04-24,6.16,6.16,6.08,6.11,479847.18
2020-04-27,6.11,6.14,6.08,6.1,297588.23
2020-04-28,6.09,6.1,5.93,6.03,523633.06
2020-04-29,6.05,6.45,6.04,6.35,1782793.59
2020-04-30,6.53,6.64,6.41,6.5,1991209.99
2020-05-06,6.35,6.41,6.28,6.4,1088736.91
2020-05-07,6.37,6.37,6.3,6.36,553932.88
2020-05-08,6.36,6.46,6.34,6.41,703841.76
2020-05-11,6.45,6.45,6.33,6.36,615864.52
2020-05-12,6.35,6.35,6.28,6.31,475708.34
2020-05-13,6.27,6.43,6.27,6.38,558545.24
2020-05-14,6.33,6.36,6.27,6.27,523607.78
2020-05-15,6.29,6.31,6.24,6.25,350171.62
2020-05-18,6.25,6.25,6.2,6.23,353140.14
2020-05-19,6.28,6.32,6.24,6.28,343790.4
2020-05-20,6.26,6.27,6.2,6.22,331299.57
2020-05-21,6.23,6.25,6.14,6.16,385619.76
2020-05-22,6.15,6.16,6.08,6.12,423193.96
2020-05-25,6.12,6.26,6.05,6.23,489262.84
2020-05-26,6.22,6.27,6.2,6.23,290827.12
2020-05-27,6.24,6.25,6.17,6.2,273202.67
2020-05-28,6.19,6.38,6.17,6.28,762801.15
2020-05-29,6.25,6.25,6.13,6.21,432862.25
2020-06-01,6.25,6.34,6.23,6.31,669680.1
2020-06-02,6.35,6.38,6.29,6.32,551034.25
2020-06-03,6.32,6.44,6.31,6.34,632903.02
2020-06-04,6.38,6.41,6.31,6.37,484516.75
2020-06-05,6.38,6.44,6.33,6.42,697041.17
2020-06-08,6.44,6.74,6.43,6.66,1944168.08
2020-06-09,6.66,6.66,6.51,6.57,981082.07
2020-06-10,6.56,6.72,6.52,6.63,980831.81
2020-06-11,6.6,6.66,6.46,6.49,892360.31
2020-06-12,6.37,6.55,6.34,6.35,1063462.09
2020-06-15,6.35,6.42,6.24,6.24,1181936.32
2020-06-16,6.27,6.3,6.23,6.29,580984.76
2020-06-17,6.26,6.26,6.18,6.23,558995.89
2020-06-18,6.23,6.28,6.2,6.26,390057.42
2020-06-19,6.28,6.37,6.28,6.36,870610.81
2020-06-22,6.33,6.34,6.29,6.32,405980.54
2020-06-23,6.3,6.33,6.26,6.26,353288.09
2020-06-24,6.28,6.29,6.25,6.28,291809.89
2020-06-29,6.26,6.27,6.18,6.2,483248.41
2020-06-30,6.21,6.26,6.21,6.23,270758.62
2020-07-01,6.23,6.34,6.21,6.3,487142.5
2020-07-02,6.29,6.47,6.28,6.45,1175691.08
2020-07-03,6.46,6.57,6.41,6.54,1465124.91
2020-07-06,6.63,6.93,6.57,6.88,3088899.05
2020-07-07,6.88,7.04,6.72,6.72,2465448.35
2020-07-08,6.71,6.8,6.63,6.77,1607329.84
2020-07-09,6.81,7.0,6.73,6.9,2094855.97
2020-07-10,6.8,6.81,6.64,6.66,1597487.62
2020-07-13,6.66,6.79,6.66,6.73,1411113.52
2020-07-14,6.71,6.96,6.68,6.9,2160218.52
2020-07-15,6.89,6.89,6.66,6.68,1462513.43
2020-07-16,6.5,6.51,6.24,6.26,5400282.84
2020-07-17,6.27,6.27,6.15,6.2,1921250.51
2020-07-20,6.23,6.34,6.19,6.32,1533673.73
2020-07-21,6.31,6.32,6.24,6.3,976592.16
2020-07-22,6.28,6.36,6.25,6.28,1193140.37
2020-07-23,6.24,6.28,6.18,6.23,1080266.29
2020-07-24,6.21,6.23,6.12,6.15,1209325.45
2020-07-27,6.16,6.27,6.12,6.22,801040.85
2020-07-28,6.24,6.25,6.18,6.2,462531.08
2020-07-29,6.2,6.25,6.18,6.24,727459.94
2020-07-30,6.24,6.24,6.19,6.2,614200.42
2020-07-31,6.18,6.22,6.17,6.2,635154.06
2020-08-03,6.21,6.28,6.2,6.27,1094565.09
2020-08-04,6.28,6.31,6.22,6.28,1000936.05
2020-08-05,6.26,6.27,6.2,6.24,678793.43
2020-08-06,6.24,6.24,6.18,6.22,742051.31
2020-08-07,6.2,6.24,6.17,6.2,690193.3
2020-08-10,6.18,6.28,6.17,6.25,923579.39
2020-08-11,6.24,6.28,6.2,6.21,828513.08
2020-08-12,6.19,6.38,6.18,6.3,1663945.0
2020-08-13,6.36,6.4,6.27,6.29,1191336.95
2020-08-14,6.31,6.32,6.26,6.31,668820.05
2020-08-17,6.32,6.42,6.29,6.4,1433632.03
2020-08-18,6.38,6.39,6.33,6.36,767992.54
2020-08-19,6.31,6.35,6.27,6.29,709114.11
2020-08-20,6.28,6.32,6.24,6.25,550277.38
2020-08-21,6.26,6.28,6.23,6.26,587130.67
2020-08-24,6.28,6.28,6.23,6.24,506281.35
2020-08-25,6.24,6.26,6.2,6.22,564624.92
2020-08-26,6.21,6.24,6.17,6.18,601655.2
2020-08-27,6.18,6.22,6.17,6.21,421546.59
2020-08-28,6.18,6.22,6.17,6.22,666983.23
2020-08-31,6.22,6.27,6.21,6.23,984746.46
2020-09-01,6.22,6.24,6.19,6.2,420746.8
2020-09-02,6.21,6.22,6.18,6.2,504724.2
2020-09-03,6.19,6.2,6.17,6.18,435685.83
2020-09-04,6.15,6.19,6.15,6.19,526588.61
2020-09-07,6.18,6.25,6.17,6.21,676573.85
2020-09-08,6.21,6.22,6.18,6.21,486318.49
2020-09-09,6.18,6.2,6.14,6.15,710921.37
2020-09-10,6.17,6.18,6.12,6.14,520763.62
2020-09-11,6.13,6.14,6.1,6.14,418820.36
2020-09-14,6.14,6.18,6.13,6.16,362190.98
2020-09-15,6.16,6.18,6.13,6.16,314353.57
2020-09-16,6.16,6.22,6.14,6.19,541800.56
2020-09-17,6.19,6.19,6.13,6.15,376915.31
2020-09-18,6.15,6.2,6.14,6.19,538578.08
2020-09-21,6.2,6.22,6.17,6.18,308756.22
2020-09-22,6.16,6.2,6.12,6.13,446585.4
2020-09-23,6.14,6.15,6.12,6.12,283582.76
2020-09-24,6.11,6.13,6.07,6.07,476192.39
2020-09-25,6.08,6.09,5.95,5.96,805346.66
2020-09-28,5.97,5.98,5.81,5.84,811717.34
2020-09-29,5.86,5.87,5.81,5.83,451960.06
2020-09-30,5.84,5.88,5.83,5.85,357854.83
2020-10-09,5.9,5.94,5.84,5.86,602649.0
2020-10-12,5.87,5.94,5.84,5.91,731841.99
2020-10-13,5.9,5.9,5.85,5.87,375546.26
2020-10-14,5.86,5.87,5.82,5.83,374507.19
2020-10-15,5.82,5.83,5.78,5.78,508056.25
2020-10-16,5.77,5.78,5.73,5.73,506676.53
2020-10-19,5.73,5.77,5.72,5.74,329309.6
2020-10-20,5.74,5.74,5.63,5.66,584371.71
2020-10-21,5.66,5.67,5.54,5.56,781263.35
2020-10-22,5.54,5.55,5.5,5.53,417212.61
2020-10-23,5.52,5.57,5.52,5.55,374317.25
2020-10-26,5.65,5.79,5.61,5.77,1322956.76
2020-10-27,5.72,5.75,5.68,5.72,499265.24
2020-10-28,5.72,5.72,5.6,5.65,405875.51
2020-10-29,5.59,5.61,5.56,5.59,337498.57
2020-10-30,5.59,5.64,5.55,5.58,347003.71
2020-11-02,5.57,5.59,5.51,5.54,368733.22
2020-11-03,5.54,5.65,5.52,5.62,361065.63
2020-11-04,5.6,5.63,5.58,5.62,291150.51
2020-11-05,5.64,5.66,5.61,5.66,353695.56
2020-11-06,5.66,5.73,5.63,5.7,452850.29
2020-11-09,5.74,5.74,5.7,5.72,469798.02
2020-11-10,5.89,5.93,5.77,5.78,973149.69
2020-11-11,5.73,5.78,5.66,5.74,506286.1
2020-11-12,5.74,5.82,5.7,5.79,364717.26
2020-11-13,5.76,5.78,5.7,5.73,342669.35
2020-11-16,5.74,5.83,5.71,5.81,408691.86
2020-11-17,5.8,5.91,5.79,5.87,619036.96
2020-11-18,5.85,5.89,5.81,5.87,443398.24
2020-11-19,5.87,5.88,5.8,5.81,390510.82
2020-11-20,5.79,5.81,5.77,5.78,283796.12
2020-11-23,5.75,5.79,5.71,5.79,480890.04
2020-11-24,5.77,5.78,5.73,5.74,267123.1
2020-11-25,5.77,5.83,5.72,5.73,391023.69
2020-11-26,5.73,5.73,5.66,5.69,280093.94
2020-11-27,5.7,5.73,5.67,5.73,256798.02
2020-11-30,5.75,5.83,5.75,5.8,720556.25
2020-12-01,5.77,5.86,5.76,5.86,567488.89
2020-12-02,5.87,5.9,5.83,5.85,431644.11
2020-12-03,5.85,6.05,5.82,5.97,976927.6
2020-12-04,5.95,5.98,5.86,5.91,498155.44
2020-12-07,5.89,5.89,5.81,5.83,416305.98
2020-12-08,5.84,5.85,5.77,5.77,306857.17
2020-12-09,5.76,5.78,5.72,5.72,320770.78
2020-12-10,5.71,5.73,5.68,5.7,215399.36
2020-12-11,5.7,5.72,5.65,5.67,288697.56
2020-12-14,5.7,5.7,5.65,5.67,302556.07
2020-12-15,5.66,5.67,5.61,5.65,277591.64
2020-12-16,5.67,5.74,5.65,5.73,297074.53
2020-12-17,5.71,5.75,5.66,5.75,250450.75
2020-12-18,5.74,5.8,5.72,5.79,291329.9
2020-12-21,5.78,5.79,5.72,5.78,284499.68
2020-12-22,5.76,5.8,5.73,5.73,361771.98
2020-12-23,5.76,5.76,5.67,5.69,285324.77
2020-12-24,5.69,5.69,5.62,5.62,264791.97
2020-12-25,5.61,5.66,5.61,5.66,158542.55
2020-12-28,5.66,5.66,5.54,5.55,543360.32
2020-12-29,5.55,5.59,5.53,5.56,204697.02
2020-12-30,5.58,5.58,5.53,5.57,222969.63
2020-12-31,5.57,5.69,5.55,5.66,427852.95
2021-01-04,5.67,5.67,5.59,5.63,402512.52
2021-01-05,5.61,5.61,5.54,5.6,578009.71
2021-01-06,5.57,5.78,5.55,5.68,744104.04
2021-01-07,5.66,5.66,5.55,5.59,560205.42
2021-01-08,5.56,5.59,5.54,5.57,350448.93
2021-01-11,5.55,5.56,5.5,5.5,520927.43
2021-01-12,5.48,5.51,5.42,5.45,632076.09
2021-01-13,5.43,5.55,5.32,5.52,783703.76
2021-01-14,5.48,5.7,5.43,5.58,874930.59
2021-01-15,5.53,5.68,5.45,5.59,824254.55
2021-01-18,5.57,5.59,5.5,5.51,413552.44
2021-01-19,5.51,5.56,5.46,5.52,460725.91
2021-01-20,5.51,5.59,5.48,5.51,468932.85
2021-01-21,5.48,5.58,5.48,5.55,538227.48
2021-01-22,5.55,5.79,5.51,5.67,1236863.65
2021-01-25,5.65,5.65,5.51,5.51,726564.4
2021-01-26,5.49,5.55,5.44,5.49,396228.82
2021-01-27,5.49,5.53,5.45,5.45,461041.02
2021-01-28,5.48,5.49,5.37,5.4,460347.82
2021-01-29,5.39,5.47,5.34,5.39,434778.72
2021-02-01,5.36,5.36,5.3,5.31,414806.34
2021-02-02,5.31,5.32,5.26,5.28,320280.28
2021-02-03,5.28,5.28,5.16,5.16,500224.77
2021-02-04,5.16,5.21,5.12,5.18,321620.48
2021-02-05,5.16,5.21,5.14,5.17,301752.94
2021-02-08,5.19,5.24,5.16,5.23,418486.96
2021-02-09,5.24,5.31,5.2,5.28,416350.44
2021-02-10,5.34,5.64,5.31,5.46,852959.73
2021-02-18,5.6,5.62,5.43,5.44,864122.56
2021-02-19,5.45,5.92,5.44,5.87,2675276.13
2021-02-22,5.83,5.88,5.69,5.8,1523136.03
2021-02-23,5.81,5.94,5.77,5.79,1033655.26
2021-02-24,5.74,5.85,5.67,5.73,807735.9
2021-02-25,5.76,5.88,5.72,5.8,847515.22
2021-02-26,5.7,5.77,5.66,5.68,657124.26
2021-03-01,5.71,5.76,5.61,5.71,745851.97
2021-03-02,5.72,5.81,5.68,5.7,598739.25
2021-03-03,5.7,5.77,5.67,5.74,748100.26
2021-03-04,5.7,5.76,5.69,5.71,540026.01
2021-03-05,5.68,5.74,5.62,5.73,595769.16
2021-03-08,5.72,5.76,5.61,5.63,578106.72
2021-03-09,5.63,5.77,5.61,5.65,874051.55
2021-03-10,5.65,5.7,5.63,5.66,430105.65
2021-03-11,5.67,5.75,5.65,5.72,525435.67
2021-03-12,5.71,5.78,5.69,5.77,692586.53
2021-03-15,5.84,5.96,5.8,5.91,1591323.99
2021-03-16,5.9,5.92,5.83,5.88,747620.53
2021-03-17,5.86,5.86,5.74,5.76,763326.41
2021-03-18,5.77,5.79,5.67,5.68,720628.53
2021-03-19,5.65,5.69,5.61,5.62,563536.61
2021-03-22,5.64,5.7,5.63,5.67,418771.91
2021-03-23,5.67,5.71,5.58,5.59,471694.75
2021-03-24,5.58,5.59,5.45,5.47,591659.94
2021-03-25,5.48,5.56,5.48,5.52,379732.6
2021-03-26,5.51,5.77,5.51,5.73,1197741.73
2021-03-29,5.73,5.78,5.7,5.75,573634.27
2021-03-30,5.76,5.87,5.73,5.78,697427.46
2021-03-31,5.78,5.86,5.75,5.85,683792.0
2021-04-01,5.84,5.86,5.78,5.82,483863.67
2021-04-02,5.81,5.9,5.79,5.88,819405.99
2021-04-06,5.88,5.96,5.86,5.9,822396.37
2021-04-07,5.92,6.1,5.9,6.07,1512301.18
2021-04-08,6.02,6.09,6.0,6.01,740768.33
2021-04-09,6.0,6.02,5.9,6.0,568561.39
2021-04-12,6.0,6.14,5.97,6.07,909192.01
2021-04-13,6.08,6.08,5.84,5.86,810482.85
2021-04-14,5.85,5.89,5.82,5.87,325652.41
2021-04-15,5.84,5.86,5.74,5.77,434278.25
2021-04-16,5.76,5.86,5.74,5.81,378209.18
2021-04-19,5.86,6.06,5.83,5.98,833901.97
2021-04-20,5.98,6.04,5.88,5.93,563364.36
2021-04-21,5.88,5.93,5.84,5.88,380317.09
2021-04-22,5.89,5.92,5.83,5.87,524507.95
2021-04-23,5.87,5.92,5.82,5.9,375987.01
2021-04-26,5.9,5.95,5.78,5.79,608323.52
2021-04-27,5.77,5.8,5.7,5.71,355747.38
2021-04-28,5.7,5.77,5.64,5.75,556512.31
2021-04-29,5.75,5.97,5.72,5.88,704661.51
2021-04-30,5.83,5.96,5.77,5.88,657014.41
2021-05-06,5.86,5.94,5.69,5.7,660316.32
2021-05-07,5.7,5.74,5.62,5.64,553719.95
2021-05-10,5.65,5.65,5.57,5.61,464967.37
2021-05-11,5.59,5.65,5.58,5.64,298922.82
2021-05-12,5.65,5.69,5.59,5.64,503674.69
2021-05-13,5.6,5.64,5.6,5.61,324799.82
2021-05-14,5.62,5.64,5.56,5.63,468787.96
2021-05-17,5.64,5.64,5.57,5.6,441627.26
2021-05-18,5.58,5.59,5.52,5.53,555532.59
2021-05-19,5.54,5.56,5.49,5.5,424895.81
2021-05-20,5.51,5.6,5.5,5.59,396809.23
2021-05-21,5.61,5.61,5.54,5.57,344295.39
2021-05-24,5.57,5.58,5.54,5.57,336276.19
2021-05-25,5.58,5.61,5.55,5.6,672303.58
2021-05-26,5.6,5.61,5.57,5.61,538125.0
2021-05-27,5.63,5.89,5.6,5.89,2482723.07
2021-05-28,5.84,5.84,5.73,5.79,863313.0
2021-05-31,5.77,5.78,5.68,5.78,645043.59
2021-06-01,5.77,5.77,5.66,5.75,709991.97
2021-06-02,5.74,5.74,5.65,5.66,501515.47
2021-06-03,5.65,5.72,5.65,5.7,513174.87
2021-06-04,5.7,5.72,5.64,5.69,460256.57
2021-06-07,5.68,5.68,5.61,5.64,408228.79
2021-06-08,5.65,5.73,5.6,5.7,682999.38
2021-06-09,5.69,5.77,5.66,5.76,835724.55
2021-06-10,5.75,5.8,5.72,5.79,772343.09
2021-06-11,5.81,5.88,5.76,5.79,1901544.01
2021-06-15,5.81,5.82,5.63,5.68,953672.61
2021-06-16,5.65,5.71,5.62,5.64,434115.12
2021-06-17,5.65,5.65,5.6,5.6,376258.62
2021-06-18,5.59,5.6,5.53,5.56,451245.34
2021-06-21,5.54,5.56,5.44,5.48,871699.55
2021-06-22,5.48,5.51,5.36,5.39,853128.1
2021-06-23,5.39,5.42,5.34,5.36,775194.32
2021-06-24,5.35,5.39,5.34,5.37,677941.47
2021-06-25,5.38,5.44,5.36,5.43,619297.47
2021-06-28,5.43,5.44,5.31,5.33,905220.82
2021-06-29,5.33,5.34,5.25,5.29,700330.87
2021-06-30,5.29,5.32,5.27,5.29,352256.09
2021-07-01,5.3,5.31,5.26,5.26,429525.08
2021-07-02,5.26,5.29,5.23,5.25,432159.37
2021-07-05,5.26,5.28,5.13,5.17,715285.78
2021-07-06,5.18,5.21,5.14,5.2,612207.63
2021-07-07,5.19,5.22,5.16,5.2,395415.67
2021-07-08,5.21,5.27,5.17,5.27,529989.15
2021-07-09,5.26,5.32,5.24,5.25,426484.47
2021-07-12,5.26,5.31,5.25,5.27,429898.06
2021-07-13,5.26,5.28,5.22,5.26,308996.09
2021-07-14,5.26,5.27,5.18,5.2,383306.67
2021-07-15,5.2,5.23,5.18,5.23,285590.93
2021-07-16,5.21,5.24,5.19,5.21,270618.18
2021-07-19,5.21,5.23,5.16,5.22,402157.69
2021-07-20,5.19,5.22,5.18,5.21,221944.63
2021-07-21,5.2,5.23,5.14,5.16,546426.88
2021-07-22,5.17,5.19,5.15,5.17,248983.84
2021-07-23,5.17,5.18,5.14,5.16,270545.77
2021-07-26,5.16,5.17,5.07,5.08,625719.61
2021-07-27,5.08,5.11,4.93,4.95,702321.84
2021-07-28,4.94,5.0,4.89,4.9,659587.54
2021-07-29,4.9,4.92,4.86,4.9,436585.48
2021-07-30,4.87,4.87,4.79,4.81,478984.38
2021-08-02,4.77,4.77,4.65,4.73,906749.35
2021-08-03,4.72,4.72,4.64,4.66,709206.01
2021-08-04,4.66,4.67,4.52,4.55,965024.57
2021-08-05,4.54,4.64,4.52,4.57,631358.62
2021-08-06,4.58,4.58,4.5,4.51,425287.49
2021-08-09,4.5,4.58,4.46,4.56,484202.54
2021-08-10,4.56,4.59,4.53,4.58,308651.2
2021-08-11,4.58,4.64,4.56,4.6,408053.41
2021-08-12,4.6,4.61,4.53,4.54,362578.37
2021-08-13,4.53,4.56,4.51,4.52,257424.32
2021-08-16,4.54,4.6,4.53,4.56,325882.9
2021-08-17,4.56,4.62,4.54,4.58,534116.3
2021-08-18,4.56,4.57,4.52,4.56,428633.74
2021-08-19,4.55,4.55,4.47,4.47,637973.51
2021-08-20,4.48,4.49,4.38,4.4,591564.58
2021-08-23,4.4,4.5,4.4,4.48,493015.48
2021-08-24,4.48,4.5,4.45,4.47,382551.12
2021-08-25,4.47,4.62,4.45,4.6,865191.94
2021-08-26,4.58,4.65,4.57,4.57,437748.0
2021-08-27,4.57,4.63,4.55,4.61,408573.36
2021-08-30,4.61,4.61,4.51,4.54,464916.86
2021-08-31,4.62,4.77,4.61,4.75,1445577.72
2021-09-01,4.75,4.92,4.74,4.89,1343859.47
2021-09-02,4.88,4.94,4.79,4.89,850568.52
2021-09-03,4.89,4.9,4.82,4.87,758274.3
2021-09-06,4.85,4.88,4.84,4.85,621767.38
2021-09-07,4.86,4.91,4.82,4.88,630207.93
2021-09-08,4.89,4.91,4.84,4.87,585677.42
2021-09-09,4.86,5.04,4.85,5.03,997927.28
2021-09-10,5.0,5.1,5.0,5.01,944808.5
2021-09-13,4.96,5.01,4.93,4.94,559483.22
2021-09-14,4.93,4.96,4.77,4.78,746221.94
2021-09-15,4.77,4.85,4.76,4.82,374636.33
2021-09-16,4.81,4.85,4.77,4.8,465064.86
2021-09-17,4.8,4.83,4.76,4.82,315884.24
2021-09-22,4.78,4.81,4.72,4.73,400765.94
2021-09-23,4.76,4.84,4.75,4.79,411335.34
2021-09-24,4.81,4.84,4.76,4.81,370023.5
2021-09-27,4.78,4.81,4.71,4.72,436741.05
2021-09-28,4.73,4.79,4.72,4.79,264736.44
2021-09-29,4.77,4.79,4.69,4.77,403468.28
2021-09-30,4.77,4.78,4.72,4.76,332651.09
2021-10-08,4.8,4.97,4.8,4.95,927836.24
2021-10-11,4.93,5.06,4.91,5.01,724082.53
2021-10-12,5.01,5.01,4.9,4.95,517054.73
2021-10-13,4.94,4.97,4.88,4.94,316830.73
2021-10-14,4.94,4.99,4.92,4.93,230573.52
2021-10-15,4.77,4.83,4.72,4.73,795208.31
2021-10-18,4.72,4.73,4.58,4.62,641467.41
2021-10-19,4.61,4.67,4.61,4.65,358975.81
2021-10-20,4.65,4.7,4.63,4.67,279516.36
2021-10-21,4.67,4.71,4.65,4.69,247636.99
2021-10-22,4.7,4.72,4.62,4.64,285553.14
2021-10-25,4.62,4.65,4.58,4.61,244008.17
2021-10-26,4.63,4.64,4.58,4.6,221255.42
2021-10-27,4.59,4.59,4.52,4.56,275951.43
2021-10-28,4.55,4.63,4.53,4.62,286690.43
2021-10-29,4.61,4.63,4.55,4.6,348380.93
2021-11-01,4.6,4.61,4.53,4.56,438711.17
2021-11-02,4.56,4.56,4.4,4.43,1026892.78
2021-11-03,4.43,4.45,4.41,4.43,281107.62
2021-11-04,4.45,4.48,4.43,4.46,281776.12
2021-11-05,4.45,4.46,4.42,4.44,232494.89
2021-11-08,4.48,4.54,4.47,4.48,380640.7
2021-11-09,4.48,4.54,4.45,4.52,295996.08
2021-11-10,4.51,4.52,4.45,4.48,264652.38
2021-11-11,4.48,4.54,4.47,4.51,275597.97
2021-11-12,4.51,4.57,4.47,4.56,426113.39
2021-11-15,4.54,4.59,4.52,4.58,289736.09
2021-11-16,4.57,4.66,4.57,4.65,609652.05
2021-11-17,4.63,4.66,4.61,4.63,261922.45
2021-11-18,4.62,4.63,4.58,4.6,214939.14
2021-11-19,4.58,4.62,4.57,4.61,210757.46
2021-11-22,4.63,4.63,4.58,4.58,185251.14
2021-11-23,4.59,4.65,4.59,4.64,247014.06
2021-11-24,4.64,4.64,4.6,4.63,155675.43
2021-11-25,4.62,4.64,4.61,4.62,180500.69
2021-11-26,4.59,4.6,4.55,4.56,245116.01
2021-11-29,4.5,4.55,4.48,4.5,355535.58
2021-11-30,4.49,4.57,4.49,4.52,416015.99
2021-12-01,4.53,4.56,4.51,4.55,217147.32
2021-12-02,4.56,4.58,4.51,4.53,224236.68
2021-12-03,4.55,4.58,4.52,4.56,273228.7
2021-12-06,4.56,4.62,4.54,4.58,404941.46
2021-12-07,4.59,4.67,4.59,4.65,506768.54
2021-12-08,4.66,4.67,4.61,4.65,332825.76
2021-12-09,4.65,4.73,4.63,4.7,521596.59
2021-12-10,4.7,4.75,4.69,4.75,572227.18
2021-12-13,4.74,4.76,4.65,4.66,491798.61
2021-12-14,4.64,4.65,4.62,4.64,242049.57
2021-12-15,4.63,4.64,4.61,4.61,259224.1
2021-12-16,4.61,4.66,4.61,4.66,237162.44
2021-12-17,4.65,4.68,4.64,4.67,321755.89
2021-12-20,4.65,4.71,4.64,4.67,359302.02
2021-12-21,4.67,4.73,4.66,4.7,303239.92
2021-12-22,4.71,4.75,4.67,4.7,322069.0
2021-12-23,4.71,4.74,4.68,4.73,311416.54
2021-12-24,4.73,4.74,4.68,4.69,219434.09
2021-12-27,4.69,4.74,4.68,4.73,243389.63
2021-12-28,4.73,4.75,4.71,4.74,259761.97
2021-12-29,4.73,4.86,4.7,4.84,873538.02
2021-12-30,4.85,4.85,4.8,4.84,414925.91
2021-12-31,4.84,4.85,4.79,4.83,350301.45
2022-01-04,4.81,4.92,4.8,4.9,584546.97
2022-01-05,4.9,5.01,4.86,4.9,883435.55
2022-01-06,4.9,4.92,4.84,4.86,478723.8
2022-01-07,4.86,4.96,4.86,4.93,613378.57
2022-01-10,4.9,4.97,4.83,4.96,519799.64
2022-01-11,4.93,4.99,4.9,4.94,418953.42
2022-01-12,4.93,4.94,4.86,4.9,584900.98
2022-01-13,4.89,5.01,4.87,4.96,714508.76
2022-01-14,4.95,4.97,4.84,4.86,517822.58
2022-01-17,4.85,4.88,4.82,4.84,263381.7
2022-01-18,4.83,4.92,4.82,4.89,360795.76
2022-01-19,4.9,4.93,4.85,4.91,410837.82
2022-01-20,4.92,5.0,4.9,4.97,616683.85
2022-01-21,4.95,5.02,4.94,4.97,737287.62
2022-01-24,4.96,5.01,4.89,4.97,458675.24
2022-01-25,4.95,5.05,4.93,4.94,804575.82
2022-01-26,4.94,4.99,4.85,4.96,471668.22
2022-01-27,4.93,5.0,4.91,4.96,489486.68
2022-01-28,4.96,5.13,4.93,5.05,1065022.35
2022-02-07,5.09,5.21,5.06,5.19,877232.03
2022-02-08,5.21,5.34,5.16,5.3,1052374.73
2022-02-09,5.3,5.33,5.23,5.28,797518.88
2022-02-10,5.28,5.48,5.27,5.46,1404859.36
2022-02-11,5.43,5.49,5.32,5.35,888005.41
2022-02-14,5.33,5.41,5.21,5.3,1159751.81
2022-02-15,5.28,5.33,5.26,5.29,422621.31
2022-02-16,5.3,5.42,5.29,5.39,735315.71
2022-02-17,5.39,5.42,5.31,5.4,611818.39
2022-02-18,5.36,5.47,5.36,5.44,537556.08
2022-02-21,5.43,5.46,5.4,5.44,420087.09
2022-02-22,5.4,5.41,5.27,5.34,627778.03
2022-02-23,5.34,5.37,5.29,5.3,557255.53
2022-02-24,5.31,5.31,5.1,5.13,870972.42
2022-02-25,5.18,5.21,5.06,5.1,659243.03
2022-02-28,5.09,5.16,5.01,5.16,603711.26
2022-03-01,5.14,5.19,5.05,5.1,492903.73
2022-03-02,5.07,5.19,5.06,5.12,441536.72
2022-03-03,5.13,5.27,5.12,5.23,589158.86
2022-03-04,5.23,5.29,5.17,5.21,477069.1
2022-03-07,5.16,5.18,5.02,5.05,549819.71
2022-03-08,5.05,5.13,5.0,5.04,576621.6
2022-03-09,5.05,5.08,4.77,4.92,720559.13
2022-03-10,5.01,5.07,4.95,4.98,561164.03
2022-03-11,4.95,5.06,4.84,5.05,441826.02
2022-03-14,4.96,4.99,4.85,4.85,484255.69
2022-03-15,4.84,4.85,4.51,4.53,763141.96
2022-03-16,4.65,4.83,4.58,4.79,998096.03
2022-03-17,4.86,4.88,4.76,4.8,693321.61
2022-03-18,4.8,4.97,4.77,4.93,1583491.21
2022-03-21,4.91,4.93,4.76,4.81,676490.97
2022-03-22,5.05,5.13,4.85,4.89,1821519.67
2022-03-23,4.84,4.84,4.74,4.78,776493.73
2022-03-24,4.73,4.78,4.7,4.74,354344.05
2022-03-25,4.73,4.75,4.67,4.68,410906.86
2022-03-28,4.62,4.75,4.57,4.71,548060.49
2022-03-29,4.71,4.77,4.7,4.73,282719.91
2022-03-30,4.76,4.81,4.7,4.78,495487.0
2022-03-31,4.75,4.83,4.75,4.78,317408.96
2022-04-01,4.75,4.94,4.75,4.91,705004.97
2022-04-06,4.86,5.0,4.84,4.98,568076.19
2022-04-07,4.99,5.0,4.9,4.92,464387.04
2022-04-08,4.92,5.0,4.86,4.99,500415.0
2022-04-11,5.0,5.01,4.85,4.87,535256.86
2022-04-12,4.95,5.09,4.87,5.07,954663.01
2022-04-13,5.02,5.09,4.98,5.0,432318.26
2022-04-14,4.99,5.03,4.95,4.96,274360.9
2022-04-15,4.94,5.01,4.92,4.93,428099.61
2022-04-18,4.92,4.93,4.86,4.89,204610.38
2022-04-19,4.87,4.91,4.84,4.88,263632.7
2022-04-20,4.88,5.05,4.86,5.0,584793.17
2022-04-21,4.97,5.0,4.84,4.89,506984.55
2022-04-22,4.84,4.93,4.77,4.89,362204.08
2022-04-25,4.8,4.91,4.71,4.72,591227.5
2022-04-26,4.73,4.8,4.63,4.65,483545.36
2022-04-27,4.67,4.73,4.64,4.68,535239.48
2022-04-28,4.67,4.68,4.51,4.56,894982.33
2022-04-29,4.56,4.66,4.42,4.59,983627.49
2022-05-05,4.57,4.63,4.53,4.54,542615.37
2022-05-06,4.5,4.5,4.4,4.43,578313.57
2022-05-09,4.4,4.44,4.38,4.42,393685.08
2022-05-10,4.39,4.47,4.34,4.42,535041.22
2022-05-11,4.35,4.53,4.34,4.48,744731.01
2022-05-12,4.45,4.52,4.43,4.49,378345.24
2022-05-13,4.52,4.54,4.46,4.5,365507.41
2022-05-16,4.5,4.57,4.45,4.53,540172.23
2022-05-17,4.54,4.55,4.5,4.53,220653.65
2022-05-18,4.5,4.54,4.48,4.51,262148.62
2022-05-19,4.47,4.5,4.45,4.5,322687.86
2022-05-20,4.52,4.69,4.5,4.67,851200.71
2022-05-23,4.69,4.69,4.59,4.62,401437.42
2022-05-24,4.59,4.62,4.52,4.53,525698.82
2022-05-25,4.55,4.61,4.51,4.59,359180.02
2022-05-26,4.61,4.74,4.6,4.73,526438.5
2022-05-27,4.79,4.81,4.71,4.75,493298.85
2022-05-30,4.82,4.86,4.75,4.81,355344.5
2022-05-31,4.8,4.87,4.76,4.87,712181.01
2022-06-01,4.84,4.85,4.69,4.7,567558.96
2022-06-02,4.67,4.7,4.59,4.65,629663.87
2022-06-06,4.65,4.65,4.55,4.61,777905.16
2022-06-07,4.59,4.6,4.54,4.58,564162.25
2022-06-08,4.58,4.64,4.56,4.64,542984.15
2022-06-09,4.6,4.67,4.6,4.64,542487.0
2022-06-10,4.61,4.73,4.59,4.71,587843.66
2022-06-13,4.66,4.69,4.6,4.62,544635.75
2022-06-14,4.6,4.68,4.54,4.68,534191.51
2022-06-15,4.65,4.77,4.64,4.69,777538.93
2022-06-16,4.7,4.74,4.65,4.66,514673.71
2022-06-17,4.64,4.72,4.63,4.69,493350.83
2022-06-20,4.7,4.71,4.65,4.69,454549.31
2022-06-21,4.7,4.82,4.68,4.76,653781.02
2022-06-22,4.77,4.8,4.73,4.74,366942.84
2022-06-23,4.77,4.8,4.74,4.79,366869.14
2022-06-24,4.82,4.9,4.78,4.89,565703.25
2022-06-27,4.88,4.93,4.83,4.85,490588.28
2022-06-28,4.86,4.94,4.81,4.92,624703.12
2022-06-29,4.92,5.09,4.9,4.99,1117021.12
2022-06-30,5.03,5.1,5.0,5.02,785949.97
2022-07-01,5.02,5.03,4.88,4.9,560943.28
2022-07-04,4.91,4.94,4.85,4.9,381479.1
2022-07-05,4.89,4.95,4.89,4.94,366498.4
2022-07-06,4.91,4.92,4.79,4.83,699851.6
2022-07-07,4.83,4.91,4.83,4.84,289851.19
2022-07-08,4.89,4.9,4.84,4.86,256295.58
2022-07-11,4.82,4.83,4.76,4.78,372229.71
2022-07-12,4.77,4.8,4.75,4.77,389150.0
2022-07-13,4.78,4.87,4.77,4.84,372961.01
2022-07-14,4.85,4.94,4.79,4.92,427309.4
2022-07-15,4.82,4.86,4.7,4.73,598855.55
2022-07-18,4.71,4.78,4.7,4.73,492385.99
2022-07-19,4.71,4.75,4.67,4.71,372306.33
2022-07-20,4.73,4.77,4.7,4.73,328730.0
2022-07-21,4.71,4.77,4.69,4.71,371142.74
2022-07-22,4.71,4.75,4.68,4.73,241415.78
2022-07-25,4.71,4.74,4.68,4.7,233558.77
2022-07-26,4.72,4.79,4.71,4.78,316010.65
2022-07-27,4.78,4.83,4.76,4.82,322974.01
2022-07-28,4.82,4.83,4.74,4.76,481509.64
2022-07-29,4.73,4.75,4.62,4.65,444802.99
2022-08-01,4.65,4.66,4.56,4.56,534108.66
2022-08-02,4.54,4.6,4.47,4.51,562024.29
2022-08-03,4.5,4.57,4.44,4.45,386387.92
2022-08-04,4.48,4.53,4.46,4.52,268321.39
2022-08-05,4.54,4.56,4.5,4.55,231033.55
2022-08-08,4.56,4.57,4.52,4.53,164481.55
2022-08-09,4.52,4.53,4.5,4.5,208344.63
2022-08-10,4.5,4.52,4.48,4.49,189698.64
2022-08-11,4.5,4.6,4.49,4.59,329321.98
2022-08-12,4.59,4.62,4.56,4.62,276557.24
2022-08-15,4.6,4.64,4.53,4.55,477642.07
2022-08-16,4.55,4.61,4.53,4.55,405905.64
2022-08-17,4.56,4.61,4.52,4.6,306746.62
2022-08-18,4.59,4.6,4.53,4.55,198423.45
2022-08-19,4.53,4.58,4.53,4.57,329135.56
2022-08-22,4.55,4.59,4.53,4.57,238017.37
2022-08-23,4.55,4.56,4.52,4.54,229284.48
2022-08-24,4.54,4.56,4.49,4.51,284629.1
2022-08-25,4.52,4.58,4.49,4.57,265117.27
2022-08-26,4.56,4.58,4.55,4.56,254224.46
2022-08-29,4.53,4.54,4.5,4.53,242769.41
2022-08-30,4.53,4.6,4.51,4.56,281188.86
2022-08-31,4.55,4.64,4.53,4.63,636968.52
2022-09-01,4.6,4.62,4.51,4.51,386454.26
2022-09-02,4.52,4.53,4.45,4.47,422241.82
2022-09-05,4.46,4.5,4.42,4.47,418206.07
2022-09-06,4.47,4.5,4.44,4.47,505782.86
2022-09-07,4.46,4.47,4.44,4.45,235713.34
2022-09-08,4.46,4.5,4.44,4.47,414220.27
2022-09-09,4.49,4.62,4.47,4.6,765772.96
2022-09-13,4.58,4.68,4.58,4.66,647106.63
2022-09-14,4.62,4.7,4.61,4.66,506586.22
2022-09-15,4.67,4.71,4.64,4.66,484856.08
2022-09-16,4.66,4.67,4.56,4.56,543924.38
2022-09-19,4.58,4.61,4.53,4.56,338959.5
2022-09-20,4.56,4.6,4.46,4.49,598278.9
2022-09-21,4.48,4.53,4.45,4.49,314578.99
2022-09-22,4.47,4.49,4.44,4.45,377096.7
2022-09-23,4.45,4.48,4.44,4.46,278173.84
2022-09-26,4.43,4.51,4.43,4.45,328901.16
2022-09-27,4.45,4.62,4.44,4.6,591935.1
2022-09-28,4.57,4.63,4.56,4.61,654582.63
2022-09-29,4.64,4.64,4.5,4.55,421595.83
2022-09-30,4.56,4.57,4.51,4.52,241922.64
2022-10-10,4.53,4.59,4.49,4.54,440862.48
2022-10-11,4.56,4.56,4.46,4.48,470866.51
2022-10-12,4.47,4.49,4.43,4.48,401373.1
2022-10-13,4.46,4.49,4.44,4.46,232314.0
2022-10-14,4.48,4.53,4.47,4.47,358639.86
2022-10-17,4.48,4.58,4.45,4.54,710152.12
2022-10-18,4.56,4.6,4.49,4.5,388566.94
2022-10-19,4.49,4.61,4.48,4.52,571792.87
2022-10-20,4.51,4.6,4.49,4.57,398977.48
2022-10-21,4.55,4.61,4.53,4.53,274747.73
2022-10-24,4.52,4.57,4.34,4.34,853007.64
2022-10-25,4.4,4.45,4.33,4.4,501720.25
2022-10-26,4.4,4.47,4.39,4.43,317723.88
2022-10-27,4.43,4.52,4.42,4.47,386608.3
2022-10-28,4.49,4.52,4.4,4.46,401012.05
2022-10-31,4.4,4.5,4.39,4.46,472500.81
2022-11-01,4.49,4.69,4.45,4.68,965642.69
2022-11-02,4.65,4.8,4.62,4.78,936962.07
2022-11-03,4.75,4.82,4.72,4.8,472256.78
2022-11-04,4.81,4.94,4.78,4.87,847251.51
2022-11-07,4.8,4.89,4.76,4.87,557914.26
2022-11-08,4.87,4.93,4.84,4.9,384244.52
2022-11-09,4.85,4.89,4.76,4.79,426132.81
2022-11-10,4.79,4.82,4.73,4.78,329690.92
2022-11-11,4.88,4.9,4.75,4.84,824073.67
2022-11-14,4.86,4.93,4.77,4.8,708212.75
2022-11-15,4.81,4.85,4.77,4.79,511400.31
2022-11-16,4.82,4.83,4.74,4.76,460040.29
2022-11-17,4.73,4.8,4.73,4.8,309856.53
2022-11-18,4.84,4.84,4.72,4.73,322023.6
2022-11-21,4.7,4.71,4.63,4.69,281704.74
2022-11-22,4.7,4.77,4.66,4.72,292149.7
2022-11-23,4.71,4.8,4.7,4.79,297716.91
2022-11-24,4.79,4.82,4.67,4.68,333159.77
2022-11-25,4.68,4.78,4.66,4.74,324369.15
2022-11-28,4.7,4.78,4.61,4.75,480199.83
2022-11-29,4.78,4.87,4.74,4.86,675897.74
2022-11-30,4.83,4.93,4.8,4.93,615860.79
2022-12-01,4.99,5.04,4.86,4.87,1031084.28
2022-12-02,4.86,5.02,4.85,5.0,841186.44
2022-12-05,5.1,5.18,5.05,5.16,1609582.82
2022-12-06,5.11,5.36,5.1,5.26,1796749.15
2022-12-07,5.08,5.25,5.08,5.15,1534454.5
2022-12-08,5.16,5.19,4.96,5.02,1880651.34
2022-12-09,4.93,4.99,4.7,4.71,6156047.92
2022-12-12,4.73,4.86,4.73,4.79,2162559.15
2022-12-13,4.81,5.05,4.78,4.94,2075949.75
2022-12-14,4.97,5.12,4.92,5.0,1383840.6
2022-12-15,5.06,5.07,4.95,4.96,879396.65
2022-12-16,4.95,4.99,4.92,4.96,935644.03
2022-12-19,5.01,5.06,4.84,4.87,980048.61
2022-12-20,4.88,4.94,4.74,4.78,1067959.74
2022-12-21,4.83,4.88,4.79,4.82,810279.89
2022-12-22,4.85,4.9,4.79,4.83,724162.68
2022-12-23,4.8,4.91,4.8,4.86,522310.51
2022-12-26,4.91,5.03,4.81,4.86,1236512.35
2022-12-27,4.91,4.97,4.85,4.94,793464.7
2022-12-28,4.93,4.99,4.87,4.9,801580.73
2022-12-29,4.91,4.92,4.86,4.87,563670.93
2022-12-30,4.9,4.94,4.85,4.92,656572.15
2023-01-03,4.93,4.94,4.82,4.86,1103417.59
2023-01-04,4.87,4.88,4.82,4.85,688489.27
2023-01-05,4.85,4.88,4.83,4.85,698088.33
2023-01-06,4.86,4.87,4.8,4.83,738667.18
2023-01-09,4.84,5.0,4.82,4.97,1298167.38
2023-01-10,4.97,4.99,4.91,4.92,529950.37
2023-01-11,4.92,4.93,4.82,4.82,828353.18
2023-01-12,4.83,4.88,4.82,4.86,566097.76
2023-01-13,4.87,4.95,4.85,4.95,763061.35
2023-01-16,4.96,5.03,4.91,4.96,949415.08
2023-01-17,4.96,4.97,4.87,4.89,716052.5
2023-01-18,4.89,4.92,4.87,4.89,310057.71
2023-01-19,4.88,4.91,4.85,4.91,307879.78
2023-01-20,4.91,4.95,4.9,4.93,588730.22
2023-01-30,5.0,5.03,4.86,4.91,1171426.7
2023-01-31,4.9,4.95,4.89,4.92,738557.26
2023-02-01,4.94,4.94,4.87,4.92,836035.28
2023-02-02,4.92,4.92,4.84,4.86,1010325.71
2023-02-03,4.86,4.86,4.77,4.78,1021293.2
2023-02-06,4.78,4.8,4.75,4.76,656769.93
2023-02-07,4.77,4.79,4.76,4.78,454056.21
2023-02-08,4.78,4.79,4.73,4.75,572453.0
2023-02-09,4.76,4.78,4.74,4.77,617440.39
2023-02-10,4.76,4.78,4.74,4.76,533908.84
2023-02-13,4.77,4.84,4.75,4.83,1039375.34
2023-02-14,4.82,4.86,4.8,4.85,587116.21
2023-02-15,4.85,4.85,4.78,4.8,520986.5
2023-02-16,4.79,4.85,4.77,4.79,755515.1
2023-02-17,4.8,4.87,4.79,4.81,766184.65
2023-02-20,4.83,4.87,4.8,4.86,543727.0
2023-02-21,4.85,4.89,4.85,4.88,481598.24
2023-02-22,4.86,4.92,4.85,4.91,656702.01
2023-02-23,4.92,4.93,4.89,4.91,417491.11
2023-02-24,4.91,4.92,4.86,4.87,665824.8
2023-02-27,4.85,4.88,4.83,4.85,462350.0
2023-02-28,4.85,4.97,4.85,4.95,1617186.1
2023-03-01,4.99,5.3,4.97,5.24,3471983.87
2023-03-02,5.25,5.3,5.2,5.25,1246626.54
2023-03-03,5.23,5.32,5.19,5.27,1004343.55
2023-03-06,5.32,5.44,5.23,5.24,2189114.65
2023-03-07,5.26,5.34,5.15,5.16,1187622.26
2023-03-08,5.17,5.2,5.1,5.13,739976.13
2023-03-09,5.14,5.16,5.08,5.11,682003.18
2023-03-10,5.1,5.13,5.01,5.03,753788.0
2023-03-13,5.05,5.2,5.04,5.18,943464.0
2023-03-14,5.17,5.23,5.08,5.17,886290.71
2023-03-15,5.18,5.27,5.14,5.21,690931.0
2023-03-16,5.2,5.25,5.14,5.15,604315.48
2023-03-17,5.19,5.25,5.14,5.18,882199.28
2023-03-20,5.2,5.29,5.14,5.16,879985.1
2023-03-21,5.17,5.22,5.13,5.15,537224.84
2023-03-22,5.18,5.19,5.12,5.15,528130.91
2023-03-23,5.15,5.23,5.12,5.2,485877.0
2023-03-24,5.19,5.19,5.08,5.12,543420.0
2023-03-27,5.12,5.14,5.05,5.06,548926.79
2023-03-28,5.09,5.22,5.08,5.15,719026.04
2023-03-29,5.17,5.2,5.11,5.12,466991.0
2023-03-30,5.12,5.19,5.07,5.18,502135.0
2023-03-31,5.17,5.24,5.15,5.22,723080.18
2023-04-03,5.22,5.3,5.22,5.26,909806.49
2023-04-04,5.25,5.32,5.25,5.29,889381.04
2023-04-06,5.3,5.3,5.22,5.26,623188.21
2023-04-07,5.25,5.26,5.2,5.23,502727.25
2023-04-10,5.2,5.24,5.18,5.21,443099.38
2023-04-11,5.21,5.22,5.11,5.13,815551.06
2023-04-12,5.13,5.23,5.12,5.14,744927.94
2023-04-13,5.15,5.2,5.13,5.15,560031.28
2023-04-14,5.17,5.21,5.13,5.19,661373.0
2023-04-17,5.2,5.38,5.19,5.33,2126362.07
2023-04-18,5.35,5.36,5.28,5.33,828922.34
2023-04-19,5.33,5.34,5.26,5.27,529018.86
2023-04-20,5.29,5.29,5.22,5.27,569958.89
2023-04-21,5.27,5.36,5.21,5.22,1153810.03
2023-04-24,5.23,5.25,5.08,5.1,1236618.07
2023-04-25,5.11,5.2,5.1,5.17,756052.16
2023-04-26,5.17,5.19,5.1,5.14,625314.59
2023-04-27,5.14,5.26,5.12,5.25,849074.27
2023-04-28,5.32,5.45,5.29,5.43,2799646.8
2023-05-04,5.45,5.82,5.44,5.71,4308820.82
2023-05-05,5.72,5.77,5.69,5.73,2677469.28
2023-05-08,5.7,5.88,5.68,5.73,3072193.52
2023-05-09,5.77,5.86,5.64,5.65,2032218.66
2023-05-10,5.66,5.67,5.46,5.49,1788773.7
2023-05-11,5.52,5.62,5.48,5.55,1365744.9
2023-05-12,5.57,5.64,5.5,5.51,907263.01
2023-05-15,5.53,5.58,5.41,5.56,999292.07
2023-05-16,5.54,5.6,5.5,5.52,844891.88
2023-05-17,5.51,5.62,5.49,5.58,936064.32
2023-05-18,5.61,5.7,5.56,5.66,1042342.79
2023-05-19,5.64,5.65,5.54,5.58,716958.34
2023-05-22,5.57,5.71,5.56,5.61,633503.23
2023-05-23,5.6,5.63,5.53,5.54,505347.98
2023-05-24,5.52,5.53,5.41,5.41,798536.45
2023-05-25,5.41,5.5,5.38,5.48,652596.27
2023-05-26,5.47,5.5,5.42,5.47,315090.95
2023-05-29,5.49,5.61,5.46,5.56,638865.13
2023-05-30,5.58,5.64,5.51,5.6,797014.71
2023-05-31,5.61,5.77,5.57,5.77,3403232.47
2023-06-01,5.72,5.72,5.4,5.47,2214086.52
2023-06-02,5.5,5.53,5.45,5.51,685443.9
2023-06-05,5.52,5.67,5.49,5.61,935771.11
2023-06-06,5.6,5.66,5.53,5.53,629403.49
2023-06-07,5.53,5.69,5.49,5.67,1145347.66
2023-06-08,5.67,5.67,5.56,5.65,757249.67
2023-06-09,5.64,5.71,5.57,5.64,817901.2
2023-06-12,5.63,5.67,5.56,5.62,651912.67
2023-06-13,5.61,5.66,5.57,5.59,672532.0
2023-06-14,5.6,5.64,5.47,5.54,914660.97
2023-06-15,5.43,5.43,5.26,5.41,1922404.98
2023-06-16,5.4,5.59,5.39,5.58,1936258.42
2023-06-19,5.56,5.56,5.38,5.39,1153711.36
2023-06-20,5.42,5.42,5.29,5.3,830453.17
2023-06-21,5.28,5.34,5.25,5.26,852249.91
2023-06-26,5.27,5.29,5.14,5.16,991145.43
2023-06-27,5.15,5.21,5.11,5.16,1259503.0
2023-06-28,5.17,5.36,5.15,5.34,1180981.03
2023-06-29,5.34,5.35,5.25,5.26,731878.68
2023-06-30,5.28,5.3,5.25,5.26,539507.36
2023-07-03,5.28,5.45,5.27,5.44,1086297.08
2023-07-04,5.42,5.48,5.38,5.41,501368.9
2023-07-05,5.41,5.44,5.36,5.42,468712.6
2023-07-06,5.39,5.44,5.34,5.37,510808.96
2023-07-07,5.37,5.53,5.35,5.49,978311.71
2023-07-10,5.51,5.57,5.44,5.54,768457.83
2023-07-11,5.55,5.6,5.53,5.56,617469.6
2023-07-12,5.57,5.58,5.45,5.46,602924.42
2023-07-13,5.49,5.56,5.48,5.56,555198.31
2023-07-14,5.54,5.58,5.51,5.55,422706.72
2023-07-17,5.53,5.56,5.42,5.55,713322.23
2023-07-18,5.55,5.6,5.49,5.58,763259.62
2023-07-19,5.58,5.6,5.53,5.57,414230.58
2023-07-20,5.57,5.59,5.49,5.52,538357.32
2023-07-21,5.5,5.54,5.48,5.52,400521.3
2023-07-24,5.46,5.52,5.46,5.49,375714.41
2023-07-25,5.52,5.58,5.52,5.56,583439.17
2023-07-26,5.55,5.57,5.52,5.55,369084.57
2023-07-27,5.56,5.56,5.51,5.53,400701.81
2023-07-28,5.5,5.63,5.49,5.62,854585.39
2023-07-31,5.61,5.65,5.44,5.47,1670428.95
2023-08-01,5.49,5.54,5.45,5.53,712675.86
2023-08-02,5.51,5.52,5.41,5.42,831972.46
2023-08-03,5.45,5.46,5.36,5.42,677401.99
2023-08-04,5.44,5.53,5.43,5.47,840190.9
2023-08-07,5.43,5.47,5.37,5.42,717798.73
2023-08-08,5.4,5.42,5.35,5.37,615570.91
2023-08-09,5.37,5.43,5.36,5.41,493418.61
2023-08-10,5.39,5.44,5.39,5.42,375502.58
2023-08-11,5.44,5.53,5.37,5.37,811493.23
2023-08-14,5.35,5.42,5.33,5.41,607074.08
2023-08-15,5.41,5.47,5.37,5.44,673444.2
2023-08-16,5.43,5.45,5.36,5.43,530767.43
2023-08-17,5.4,5.46,5.36,5.45,673532.87
2023-08-18,5.41,5.47,5.37,5.37,619396.0
2023-08-21,5.37,5.4,5.3,5.3,756309.57
2023-08-22,5.32,5.36,5.28,5.33,657512.18
2023-08-23,5.31,5.36,5.29,5.3,498220.81
2023-08-24,5.32,5.32,5.18,5.2,1254783.56
2023-08-25,5.18,5.27,5.18,5.24,726083.15
2023-08-28,5.37,5.42,5.3,5.32,1284911.52
2023-08-29,5.32,5.43,5.31,5.37,1010969.0
2023-08-30,5.4,5.42,5.34,5.39,781549.4
2023-08-31,5.34,5.34,5.04,5.1,2988262.82
2023-09-01,5.11,5.18,5.1,5.14,952188.5
2023-09-04,5.15,5.23,5.13,5.19,1197068.55
2023-09-05,5.17,5.18,5.09,5.15,827190.17
2023-09-06,5.12,5.14,5.02,5.12,1043335.64
2023-09-07,5.11,5.15,5.07,5.07,592000.95
2023-09-08,5.06,5.08,5.04,5.06,400883.57
2023-09-11,5.07,5.1,5.05,5.06,669477.85
2023-09-12,5.06,5.07,5.03,5.05,574822.95
2023-09-13,5.05,5.09,5.04,5.08,672418.9
2023-09-14,5.09,5.14,5.07,5.12,654000.53
2023-09-15,5.13,5.16,5.07,5.12,1189691.59
2023-09-18,5.08,5.09,5.02,5.06,704643.03
2023-09-19,5.06,5.12,5.05,5.12,782036.83
2023-09-20,5.12,5.13,5.06,5.1,526416.76
2023-09-21,5.11,5.17,5.09,5.15,977050.05
2023-09-22,5.16,5.16,5.1,5.16,613239.92
2023-09-25,5.16,5.16,5.12,5.14,736103.17
2023-09-26,5.15,5.22,5.14,5.15,770454.02
2023-09-27,5.17,5.19,5.14,5.15,536361.46
2023-09-28,5.17,5.17,5.1,5.13,576655.34
2023-10-09,5.12,5.13,5.02,5.04,869473.6
2023-10-10,5.06,5.07,4.9,4.92,1017812.84
2023-10-11,4.93,5.01,4.91,4.93,781737.72
2023-10-12,4.98,5.04,4.96,5.03,850073.55
2023-10-13,4.99,5.0,4.92,4.94,571001.8
2023-10-16,4.95,4.96,4.91,4.93,381186.35
2023-10-17,5.03,5.03,4.92,4.96,731391.68
2023-10-18,4.96,4.99,4.92,4.93,495838.78
2023-10-19,4.9,4.94,4.82,4.83,712716.53
2023-10-20,4.81,4.85,4.79,4.8,533551.25
2023-10-23,4.8,4.85,4.76,4.81,556599.35
2023-10-24,4.81,4.88,4.75,4.83,723231.58
2023-10-25,4.88,4.97,4.87,4.95,885446.85
2023-10-26,4.96,5.04,4.91,5.04,876473.9
2023-10-27,5.04,5.07,5.0,5.04,606801.7
2023-10-30,5.01,5.06,4.96,5.01,733837.1
2023-10-31,5.01,5.02,4.97,5.0,501760.78
2023-11-01,5.0,5.01,4.95,4.97,515692.91
2023-11-02,5.0,5.03,4.96,4.96,539470.91
2023-11-03,4.97,5.03,4.96,4.99,619096.78
2023-11-06,5.03,5.04,4.95,4.97,856126.36
2023-11-07,4.96,4.99,4.93,4.98,492022.98
2023-11-08,4.97,4.98,4.91,4.94,554676.03
2023-11-09,4.93,4.96,4.92,4.93,437773.7
2023-11-10,4.92,4.94,4.87,4.92,539972.73
2023-11-13,4.93,4.94,4.87,4.9,414837.15
2023-11-14,4.9,4.96,4.89,4.91,593878.05
2023-11-15,4.95,4.96,4.89,4.91,570959.69
2023-11-16,4.91,4.93,4.88,4.9,396427.46
2023-11-17,4.89,4.91,4.87,4.9,411303.63
2023-11-20,4.91,4.96,4.88,4.93,628546.77
2023-11-21,4.95,5.02,4.93,4.99,964222.8
2023-11-22,4.98,5.03,4.96,4.97,484853.0
2023-11-23,4.98,4.99,4.95,4.99,346283.0
2023-11-24,4.99,5.0,4.96,4.97,417570.71
2023-11-27,4.99,5.01,4.93,4.99,624624.29
2023-11-28,5.0,5.05,4.98,5.03,498346.0
2023-11-29,5.04,5.05,5.01,5.03,428920.49
2023-11-30,5.04,5.13,5.02,5.05,2185172.31
2023-12-01,5.1,5.15,5.05,5.07,859741.43
2023-12-04,5.1,5.1,5.06,5.08,485804.29
2023-12-05,5.08,5.09,5.0,5.01,640097.76
2023-12-06,5.0,5.06,4.96,5.02,686640.06
2023-12-07,5.03,5.08,4.99,5.06,829882.85
2023-12-08,5.05,5.12,4.96,4.96,1022834.54
2023-12-11,4.97,5.08,4.94,5.07,822059.93
2023-12-12,5.05,5.08,5.03,5.06,476843.98
2023-12-13,5.06,5.08,5.0,5.01,366365.0
2023-12-14,5.03,5.03,4.95,4.98,623125.57
2023-12-15,4.98,4.99,4.88,4.88,753653.49
2023-12-18,4.86,4.94,4.86,4.87,776332.85
2023-12-19,4.88,4.9,4.84,4.88,568676.62
2023-12-20,4.87,4.9,4.83,4.84,534286.94
2023-12-21,4.83,4.86,4.8,4.83,638112.05
2023-12-22,4.84,4.87,4.81,4.85,596289.03
2023-12-25,4.84,4.89,4.83,4.88,361565.04
2023-12-26,4.86,4.88,4.83,4.85,327638.0
2023-12-27,4.84,4.86,4.79,4.83,447204.48
2023-12-28,4.83,4.91,4.82,4.89,938875.66
2023-12-29,4.88,4.93,4.87,4.92,562509.69
2024-01-02,4.92,4.95,4.88,4.89,552612.31
2024-01-03,4.88,4.9,4.86,4.89,554325.5
2024-01-04,4.87,4.89,4.77,4.81,1006647.67
2024-01-05,4.81,4.83,4.75,4.76,866378.25
2024-01-08,4.76,4.77,4.63,4.67,1289027.46
2024-01-09,4.66,4.76,4.65,4.73,930548.54
2024-01-10,4.73,4.78,4.71,4.74,684814.94
2024-01-11,4.73,4.75,4.69,4.72,606921.33
2024-01-12,4.71,4.79,4.7,4.75,628259.46
2024-01-15,4.73,4.82,4.73,4.79,548291.58
2024-01-16,4.78,4.87,4.77,4.86,916991.35
2024-01-17,4.86,4.87,4.8,4.8,960646.01
2024-01-18,4.79,4.86,4.66,4.83,1349204.31
2024-01-19,4.8,4.87,4.77,4.85,1140876.14
2024-01-22,4.83,4.86,4.72,4.79,1416464.37
2024-01-23,4.76,4.77,4.66,4.69,1124070.56
2024-01-24,4.71,4.84,4.67,4.84,1300835.21
2024-01-25,4.84,4.94,4.82,4.94,1259082.4
2024-01-26,4.93,4.98,4.89,4.97,1181458.72
2024-01-29,4.99,5.06,4.98,5.02,1253204.75
2024-01-30,5.02,5.07,4.97,4.99,1060997.68
2024-01-31,4.98,5.02,4.9,4.97,1108225.37
2024-02-01,4.95,5.01,4.92,4.93,987005.27
2024-02-02,4.95,5.01,4.84,4.92,1370950.68
2024-02-05,4.93,5.02,4.88,5.0,1897337.05
2024-02-06,5.0,5.06,4.97,5.06,1698657.63
2024-02-07,5.06,5.06,4.97,5.06,1898335.84
2024-02-08,5.07,5.08,4.92,5.03,1907081.25
2024-02-19,5.03,5.1,5.0,5.1,1577267.83
2024-02-20,5.09,5.18,5.07,5.16,1090832.72
2024-02-21,5.15,5.2,5.12,5.12,1500554.62
2024-02-22,5.12,5.14,5.1,5.12,1097504.26
2024-02-23,5.12,5.12,5.07,5.11,902149.41
2024-02-26,5.09,5.11,5.02,5.03,937849.9
2024-02-27,5.03,5.05,5.01,5.02,947470.47
2024-02-28,5.03,5.06,5.01,5.01,1195559.48
2024-02-29,5.0,5.06,4.98,5.05,1160454.52
2024-03-01,5.04,5.04,4.98,5.0,1042080.01
2024-03-04,5.0,5.02,4.96,4.99,854002.58
2024-03-05,4.98,5.09,4.96,5.07,1557538.2
2024-03-06,5.07,5.09,5.03,5.04,834139.37
2024-03-07,5.05,5.07,5.01,5.04,827436.58
2024-03-08,5.03,5.05,4.99,5.03,676348.52
2024-03-11,5.02,5.06,5.01,5.05,681279.68
2024-03-12,5.05,5.06,5.01,5.04,811855.53
2024-03-13,5.02,5.03,4.97,4.98,813553.58
2024-03-14,4.98,5.05,4.98,5.03,1010840.68
2024-03-15,5.02,5.04,5.0,5.01,878620.19
2024-03-18,5.01,5.09,5.01,5.05,884135.53
2024-03-19,5.04,5.04,5.0,5.0,683178.84
2024-03-20,5.0,5.02,4.98,5.0,583194.08
2024-03-21,5.01,5.02,4.99,5.0,558947.37
2024-03-22,4.99,5.0,4.93,4.96,917223.59
2024-03-25,4.95,5.0,4.93,4.96,646200.8
2024-03-26,4.98,4.99,4.95,4.97,551762.09
2024-03-27,4.97,5.0,4.96,4.96,647733.74
2024-03-28,4.97,5.0,4.93,4.99,715667.62
2024-03-29,4.97,5.03,4.97,5.02,676886.47
2024-04-01,5.03,5.09,5.02,5.07,956186.41
2024-04-02,5.07,5.11,5.07,5.09,897749.79
2024-04-03,5.08,5.11,5.05,5.09,837843.4
2024-04-08,5.09,5.13,5.04,5.12,1331355.3
2024-04-09,5.11,5.14,5.06,5.06,950714.37
2024-04-10,5.06,5.09,5.03,5.08,844078.98
2024-04-11,5.05,5.09,5.03,5.07,888684.05
2024-04-12,5.06,5.08,5.02,5.03,839782.19
2024-04-15,5.02,5.17,5.01,5.15,1705691.12
2024-04-16,5.13,5.18,5.08,5.1,1466623.96
2024-04-17,5.1,5.18,5.06,5.17,1388339.04
2024-04-18,5.17,5.28,5.16,5.17,1378127.53
2024-04-19,5.16,5.22,5.13,5.16,963201.08
2024-04-22,5.17,5.21,5.12,5.16,1000925.8
2024-04-23,5.15,5.21,5.12,5.18,1037244.45
2024-04-24,5.19,5.2,5.15,5.16,798175.53
2024-04-25,5.16,5.24,5.15,5.23,1143947.94
2024-04-26,5.22,5.27,5.15,5.19,1633609.05
2024-04-29,5.17,5.19,5.1,5.12,1840660.12
2024-04-30,5.19,5.29,5.08,5.09,3174256.86
2024-05-06,5.32,5.41,5.21,5.26,4626315.18
2024-05-07,5.24,5.24,5.15,5.16,2640560.74
2024-05-08,5.16,5.17,5.12,5.13,1454887.39
2024-05-09,5.14,5.17,5.12,5.15,1385972.01
2024-05-10,5.16,5.17,5.13,5.15,1238045.68
2024-05-13,5.14,5.26,5.13,5.22,2652037.05
2024-05-14,5.21,5.27,5.2,5.24,1428969.11
2024-05-15,5.25,5.26,5.2,5.22,920487.8
2024-05-16,5.21,5.22,5.18,5.19,1074509.0
2024-05-17,5.2,5.25,5.19,5.25,1185016.0
2024-05-20,5.25,5.29,5.22,5.25,1437465.81
2024-05-21,5.24,5.25,5.2,5.22,916247.9
2024-05-22,5.22,5.27,5.21,5.24,1185623.22
2024-05-23,5.24,5.25,5.15,5.16,1178831.08
2024-05-24,5.15,5.18,5.13,5.13,940460.33
2024-05-27,5.14,5.2,5.14,5.19,1089905.8
2024-05-28,5.2,5.2,5.14,5.14,897764.66
2024-05-29,5.15,5.16,5.12,5.13,743282.06
2024-05-30,5.13,5.15,5.06,5.08,1094569.16
2024-05-31,5.1,5.14,5.06,5.06,1214560.84
2024-06-03,5.06,5.07,4.99,5.02,1388843.91
2024-06-04,5.01,5.13,5.0,5.11,1480817.14
2024-06-05,5.11,5.17,5.1,5.13,986389.0
2024-06-06,5.12,5.19,5.11,5.16,1074239.56
2024-06-07,5.15,5.25,5.14,5.24,1960302.82
2024-06-11,5.24,5.25,5.16,5.16,1189319.31
2024-06-12,5.17,5.2,5.15,5.17,823576.82
2024-06-13,5.18,5.18,5.15,5.17,587132.0
2024-06-14,5.15,5.17,5.09,5.13,1004976.02
2024-06-17,5.11,5.21,5.11,5.16,912747.0
2024-06-18,5.16,5.2,5.15,5.19,787061.26
2024-06-19,5.18,5.24,5.18,5.2,785241.26
2024-06-20,5.2,5.22,5.17,5.21,638964.77
2024-06-21,5.21,5.22,5.17,5.2,941663.68
2024-06-24,5.19,5.27,5.17,5.24,1630093.47
2024-06-25,5.24,5.28,5.22,5.25,1201369.89
2024-06-26,5.25,5.27,5.22,5.24,884766.99
2024-06-27,5.24,5.37,5.23,5.34,2284312.64
2024-06-28,5.24,5.41,5.22,5.37,1891454.98
2024-07-01,5.36,5.45,5.35,5.42,1232506.96
2024-07-02,5.44,5.54,5.43,5.53,1604954.93
2024-07-03,5.53,5.56,5.48,5.52,1037961.01
2024-07-04,5.52,5.56,5.48,5.49,1064844.9
2024-07-05,5.49,5.52,5.42,5.47,1219023.97
2024-07-08,5.49,5.55,5.45,5.47,1065473.0
2024-07-09,5.48,5.53,5.4,5.52,1321093.44
2024-07-10,5.52,5.55,5.41,5.44,1161093.0
2024-07-11,5.45,5.47,5.37,5.41,1498819.86
2024-07-12,5.41,5.5,5.4,5.5,971873.0
2024-07-15,5.5,5.58,5.48,5.56,1078374.78
2024-07-16,5.56,5.64,5.55,5.61,1143381.5
2024-07-17,5.6,5.69,5.56,5.67,1439177.89
2024-07-18,5.67,5.73,5.62,5.71,1527757.89
2024-07-19,5.71,5.73,5.63,5.72,1464581.91
2024-07-22,5.72,5.81,5.66,5.72,1635001.64
2024-07-23,5.7,5.82,5.69,5.74,1536834.1
2024-07-24,5.72,5.79,5.7,5.76,1308982.05
2024-07-25,5.77,5.86,5.74,5.82,1680067.05
2024-07-26,5.84,5.85,5.71,5.84,1604435.11
2024-07-29,5.81,5.83,5.73,5.78,1071466.17
2024-07-30,5.8,5.82,5.74,5.77,1283633.4
2024-07-31,5.78,5.81,5.66,5.72,1998413.8
2024-08-01,5.71,5.88,5.7,5.85,1635209.08
2024-08-02,5.82,5.84,5.73,5.81,1085267.14
2024-08-05,5.8,5.83,5.72,5.76,1168414.15
2024-08-06,5.78,5.83,5.67,5.73,1399704.57
2024-08-07,5.73,5.78,5.71,5.72,852801.74
2024-08-08,5.72,5.73,5.66,5.69,938523.17
2024-08-09,5.7,5.71,5.64,5.68,714404.11
2024-08-12,5.67,5.7,5.62,5.66,752221.47
2024-08-13,5.65,5.73,5.65,5.67,857366.0
2024-08-14,5.7,5.73,5.67,5.71,759042.29
2024-08-15,5.7,5.81,5.7,5.79,1078695.0
2024-08-16,5.8,5.81,5.71,5.73,911221.0
2024-08-19,5.73,5.78,5.7,5.75,888368.0
2024-08-20,5.75,5.75,5.66,5.71,831494.0
2024-08-21,5.71,5.72,5.65,5.71,715452.65
2024-08-22,5.7,5.72,5.65,5.68,771028.65
2024-08-23,5.68,5.72,5.61,5.68,888874.5
2024-08-26,5.68,5.7,5.55,5.66,989105.73
2024-08-27,5.65,5.72,5.61,5.65,832388.25
2024-08-28,5.66,5.66,5.55,5.57,981821.99
2024-08-29,5.59,5.59,5.4,5.41,1639307.23
2024-08-30,5.41,5.45,5.34,5.43,1542255.86
2024-09-02,5.4,5.41,5.25,5.34,1785663.36
2024-09-03,5.32,5.4,5.27,5.39,1285753.5
2024-09-04,5.37,5.46,5.33,5.45,1190952.11
2024-09-05,5.47,5.5,5.41,5.48,1039681.18
2024-09-06,5.49,5.55,5.41,5.42,756356.77
2024-09-09,5.42,5.45,5.33,5.37,853923.33
2024-09-10,5.38,5.39,5.3,5.35,713929.56
2024-09-11,5.34,5.37,5.18,5.22,1058027.39
2024-09-12,5.21,5.33,5.19,5.27,937855.87
2024-09-13,5.27,5.32,5.24,5.27,750425.0
2024-09-18,5.27,5.33,5.24,5.3,638391.52
2024-09-19,5.3,5.33,5.23,5.31,1026674.14
2024-09-20,5.3,5.38,5.29,5.33,1149124.16
2024-09-23,5.35,5.41,5.32,5.38,888712.56
2024-09-24,5.43,5.45,5.37,5.41,2051717.91
2024-09-25,5.44,5.6,5.42,5.48,1855486.64
2024-09-26,5.46,5.56,5.38,5.55,2104097.98
2024-09-27,5.6,5.63,5.5,5.61,1398036.85
2024-09-30,5.69,6.06,5.66,6.04,4616155.1
2024-10-08,6.6,6.61,5.86,5.93,5254000.19
2024-10-09,5.9,5.9,5.62,5.68,2837055.0
2024-10-10,5.75,5.92,5.69,5.86,2467512.65
2024-10-11,5.84,5.88,5.69,5.72,1378380.76
2024-10-14,5.77,5.87,5.73,5.84,1278409.07
2024-10-15,5.82,5.83,5.7,5.7,1271348.57
2024-10-16,5.66,5.76,5.63,5.73,913920.88
2024-10-17,5.71,5.76,5.61,5.62,872042.3
2024-10-18,5.64,5.75,5.56,5.69,1703256.59
2024-10-21,5.69,5.72,5.6,5.62,1321545.81
2024-10-22,5.62,5.71,5.61,5.68,1171955.84
2024-10-23,5.68,5.77,5.66,5.76,1382342.79
2024-10-24,5.74,5.75,5.63,5.65,1117013.98
2024-10-25,5.65,5.69,5.59,5.61,1237278.0
2024-10-28,5.6,5.66,5.56,5.66,957486.04
2024-10-29,5.65,5.69,5.61,5.62,872192.37
2024-10-30,5.61,5.67,5.59,5.66,991342.18
2024-10-31,5.6,5.6,5.41,5.43,2627886.09
2024-11-01,5.41,5.55,5.41,5.54,1656281.72
2024-11-04,5.52,5.58,5.47,5.58,1237904.98
2024-11-05,5.55,5.65,5.53,5.65,1526193.99
2024-11-06,5.63,5.65,5.56,5.6,1446833.29
2024-11-07,5.57,5.72,5.55,5.72,1943691.78
2024-11-08,5.75,5.76,5.63,5.67,1485517.27
2024-11-11,5.63,5.65,5.55,5.59,1277118.9
2024-11-12,5.57,5.62,5.5,5.51,1466969.35
2024-11-13,5.5,5.59,5.49,5.57,1189727.9
2024-11-14,5.55,5.58,5.52,5.53,1190311.16
2024-11-15,5.52,5.76,5.51,5.66,2715087.68
2024-11-18,5.67,5.77,5.65,5.68,2368550.01
2024-11-19,5.67,5.73,5.59,5.64,1511360.91
2024-11-20,5.63,5.66,5.57,5.58,1382758.27
2024-11-21,5.58,5.63,5.56,5.62,896811.99
2024-11-22,5.62,5.67,5.53,5.53,1273814.0
2024-11-25,5.56,5.61,5.47,5.51,1325821.89
2024-11-26,5.5,5.58,5.48,5.55,976424.19
2024-11-27,5.56,5.65,5.53,5.65,1209784.26
2024-11-28,5.64,5.75,5.62,5.73,1609061.55
2024-11-29,5.73,5.76,5.69,5.73,1292190.18
2024-12-02,5.85,6.13,5.84,6.03,5754870.43
2024-12-03,6.05,6.22,6.01,6.21,2891312.16
2024-12-04,6.2,6.21,6.05,6.2,2161428.91
2024-12-05,6.16,6.27,6.15,6.21,1732131.29
2024-12-06,6.25,6.28,6.18,6.25,1689898.38
2024-12-09,6.25,6.39,6.17,6.36,2035132.93
2024-12-10,6.46,6.46,6.31,6.32,2011831.49
2024-12-11,6.35,6.36,6.17,6.22,2543213.38
2024-12-12,6.23,6.39,6.22,6.37,2872581.07
2024-12-13,6.3,6.37,6.08,6.16,7690073.78
2024-12-16,6.16,6.27,6.05,6.23,3079354.68
2024-12-17,6.2,6.26,6.16,6.19,1890579.94
2024-12-18,6.21,6.24,6.15,6.19,1279645.83
2024-12-19,6.17,6.19,6.11,6.14,1184155.18
2024-12-20,6.16,6.16,6.05,6.06,1180491.54
2024-12-23,6.05,6.18,6.03,6.14,1510013.96
2024-12-24,6.13,6.18,6.01,6.16,1319493.69
2024-12-25,6.15,6.26,6.15,6.24,1273499.68
2024-12-26,6.26,6.27,6.16,6.19,907027.14
2024-12-27,6.21,6.26,6.16,6.23,884595.91
2024-12-30,6.25,6.35,6.22,6.28,1348037.87
2024-12-31,6.27,6.32,6.16,6.16,1138513.92
2025-01-02,6.17,6.21,5.98,6.03,1318145.53
2025-01-03,6.05,6.07,5.91,5.96,986465.07
2025-01-06,5.98,6.0,5.86,5.92,843611.33
2025-01-07,5.93,5.96,5.83,5.88,741364.76
2025-01-08,5.89,5.96,5.81,5.91,1135451.0
2025-01-09,5.89,5.89,5.77,5.78,995954.59
2025-01-10,5.8,5.83,5.73,5.73,979383.16
2025-01-13,5.75,5.75,5.65,5.69,962661.7
2025-01-14,5.7,5.8,5.69,5.76,1316885.06
2025-01-15,5.75,5.82,5.71,5.72,944929.02
2025-01-16,5.74,5.81,5.67,5.69,1125973.35
2025-01-17,5.7,5.75,5.61,5.72,982063.28
2025-01-20,5.74,5.83,5.7,5.71,1114537.02
2025-01-21,5.74,5.76,5.68,5.69,668439.83
2025-01-22,5.68,5.69,5.57,5.6,1212648.34
2025-01-23,5.62,5.7,5.61,5.61,1051359.32
2025-01-24,5.62,5.74,5.6,5.7,1312113.65
2025-01-27,5.72,5.78,5.7,5.7,979024.37
2025-02-05,5.72,5.73,5.59,5.6,1167602.53
2025-02-06,5.61,5.64,5.57,5.6,1110911.2
2025-02-07,5.61,5.67,5.57,5.65,1197218.09
2025-02-10,5.65,5.7,5.64,5.66,904681.05
2025-02-11,5.67,5.68,5.55,5.55,1394076.2
2025-02-12,5.57,5.62,5.56,5.6,853670.49
2025-02-13,5.6,5.63,5.58,5.59,882321.65
2025-02-14,5.6,5.67,5.57,5.67,1163843.09
2025-02-17,5.66,5.67,5.6,5.65,1056566.99
2025-02-18,5.64,5.7,5.61,5.62,1206673.32
2025-02-19,5.63,5.67,5.6,5.63,847881.27
2025-02-20,5.63,5.64,5.57,5.58,979770.14
2025-02-21,5.59,5.62,5.54,5.57,1124691.1
2025-02-24,5.56,5.61,5.51,5.53,1380726.1
2025-02-25,5.51,5.52,5.45,5.47,1301354.18
2025-02-26,5.48,5.51,5.46,5.49,819952.56
2025-02-27,5.48,5.5,5.44,5.48,1060484.38
2025-02-28,5.47,5.54,5.46,5.47,1362049.05
2025-03-03,5.49,5.5,5.39,5.42,1797117.58
2025-03-04,5.41,5.48,5.4,5.47,1083813.37
2025-03-05,5.47,5.57,5.44,5.54,1552906.61
2025-03-06,5.55,5.65,5.51,5.6,1742487.35
2025-03-07,5.6,5.62,5.51,5.54,1311602.42
2025-03-10,5.54,5.62,5.51,5.54,1662694.24
2025-03-11,5.54,5.64,5.53,5.63,1462765.58
2025-03-12,5.61,5.64,5.59,5.62,823052.67
2025-03-13,5.62,5.66,5.58,5.6,781146.84
2025-03-14,5.62,5.68,5.6,5.66,1461103.23
2025-03-17,5.69,5.69,5.58,5.59,1140664.83
2025-03-18,5.6,5.61,5.55,5.55,799035.52
2025-03-19,5.56,5.59,5.54,5.57,691576.39
2025-03-20,5.57,5.59,5.54,5.56,755988.56
2025-03-21,5.55,5.62,5.51,5.52,1236757.7
2025-03-24,5.52,5.55,5.49,5.51,801932.0
2025-03-25,5.51,5.6,5.49,5.57,933745.31
2025-03-26,5.57,5.59,5.54,5.55,701941.07
2025-03-27,5.56,5.62,5.55,5.6,755379.48
2025-03-28,5.62,5.63,5.59,5.62,705690.98
2025-03-31,5.62,5.64,5.53,5.57,835143.21
2025-04-01,5.57,5.65,5.55,5.64,879177.95
2025-04-02,5.64,5.67,5.61,5.65,629004.18
2025-04-03,5.61,5.74,5.59,5.71,1261843.11
2025-04-07,5.6,5.68,5.4,5.57,3187661.23
2025-04-08,5.57,5.89,5.52,5.84,3844859.58
2025-04-09,5.84,6.04,5.74,6.04,3321585.57
2025-04-10,6.0,6.0,5.83,5.96,2050719.25
2025-04-11,5.9,5.9,5.82,5.84,1361023.95
2025-04-14,5.81,5.86,5.77,5.82,1278428.24
2025-04-15,5.81,5.85,5.77,5.84,1107404.64
2025-04-16,5.82,6.1,5.8,6.1,2454237.76
2025-04-17,6.04,6.05,5.93,6.05,1475267.13
2025-04-18,5.99,6.04,5.93,5.97,857272.21
2025-04-21,5.96,6.01,5.89,5.91,817123.48
2025-04-22,5.91,5.97,5.89,5.9,725333.08
2025-04-23,5.92,5.92,5.85,5.88,655607.7
2025-04-24,5.88,5.96,5.88,5.95,742776.0
2025-04-25,5.95,5.95,5.82,5.82,1140603.33
2025-04-28,5.83,5.89,5.81,5.84,728355.3
2025-04-29,5.84,5.88,5.8,5.85,700013.18
2025-04-30,5.82,5.84,5.72,5.81,1049689.76
